start_time,end_time,name,description,place,id,https://scontent.xx.fbcdn.net/v/t31.0-8/s720x720/18121673_10154828583661284_4190481160120874201_o.jpg?oh=395786c24a854e36926febf7db32893a&oe=5A20DFA2
2017-08-26T19:30:00-0500,2017-08-26T23:00:00-0500,"Diamond Rio Live in Mitchell, SD","Corn Palace Festival 604 North MainMitchell, SDTickets on sale June 1","{name:Corn Palace,location:{zip:57301,country:United States,city:Mitchell,street:604 N Main St,latitude:43.71453,state:SD,longitude:-98.02537},id:95155847387}",297670444001390,https://scontent.xx.fbcdn.net/v/t31.0-0/p480x480/20121358_10155483075579544_1408436864713826462_o.jpg?oh=ac6b0deb1492437a07a8c816e5abcdcd&oe=5A2604F8
2017-09-08T22:30:00-0500,2017-09-09T00:00:00-0500,Diamond Rio,,"{name:Billy Bob's Texas,location:{zip:76164,country:United States,city:Fort Worth,street:2520 Rodeo Plz,latitude:32.791133746145,state:TX,longitude:-97.34776670178},id:6662414543}",1299272100185936,https://scontent.xx.fbcdn.net/v/t1.0-0/p600x600/18446992_754689158032681_3534101247221619985_n.jpg?oh=55e4d6cf29b9f5dc8debb071d98b5e5c&oe=5A184CD2
2017-10-06T18:00:00+0800,,Diamond Edge 2017 Seventeen 1st World Tour,"Multinational K-Pop boy group SEVENTEEN performs live in Manila on October 6, 2017 #DIAMOND_EDGE #SEVENTEEN Seventeen PhilippinesMore info will be posted soon. For timely update please visit this link. https://www.facebook.com/mmilive/ MMI Live official Facebook PageThis event section only purpose is to share information with co-multifandom fans. Philippines Kpop World Unite is not affiliated with MMI Live. This page is non-profitable entertainment hub. For details please visit the link provided up-top. Keep loving kpop.","{name:Sm Moa Arena,location:{country:Philippines,city:Pasay City,street:Pacific Dr,latitude:14.531986737826,longitude:120.98355772},id:1535828806684916}",322859214799050,https://scontent.xx.fbcdn.net/v/t1.0-0/p480x480/18118939_10155277547647264_2318945854303914813_n.jpg?oh=a29c7ae0a9e8f36b98ed3c19744fff3c&oe=5A2A8880
2017-09-16T16:00:00-0500,2017-09-17T00:00:00-0500,Diamond Rio! SRFD Relief Association Dance!,"Please join us for the 8th Annual Sauk Rapids Fire Department Relief Association Dance!  Saturday, September 16th! Gates open at 4 PM!  Event is open to all ages! Canyon Cowboys Will be opening the show at 6 PM! Ticket cost for general admission will be 30$ in advance, or 40$ at the gate.  There will be a limited number of VIP tickets available for 80$ and will include up front viewing from the VIP area, separate bar and bathrooms. Tickets will be available online, or in person at Rollies. We will update the post and advise when tickets are available! Any questions please call Rollies! Come on out to see an amazing band and support your local Fire Department! Diamond RioTickets can be purchased over the phone with a credit card at Rollies, or in person!  They can also be purchased at :http://www.rapidsfireshow.com","{name:Rollies,location:{zip:56379,country:United States,city:Sauk Rapids,street:3528 HIGHWAY 23,latitude:45.580500649126,state:MN,longitude:-94.089662981151},id:70287567263}",1186225084840391,https://scontent.xx.fbcdn.net/v/t31.0-8/s720x720/20117146_1222674391211944_4323224824990650376_o.jpg?oh=1c82f72dc2c32199aa9bfa49e1f3cf7a&oe=5A2D5D69
2017-09-01T21:00:00+0800,2017-09-02T03:00:00+0800,Club Diamond ? Niche Bar ? Sept 1,"Girls love Club Diamond because we bring the best in R&B and Cocktails, What more would a girl want?Stylish design and sophisticated venue compliments a premium bottle service experience? Premium Bottle Service Options? 3 x VIP tables, 2 x Bars and an Exclusive Lounge? Private Areas and Functions can be organised? Eftpos Available? ATM Inside DRESS CODEKeep it Classy! No Shorts, thongs, singlets, slogan or sportswear, caps, or beanies. Footwear must be clean. No joggers. Fashionable sneakers permitted.You may be refused entry if you do not adhere to the above dress code. Entry is at the sole discretion of Venue and Security.18+ EVENTRESIDENT DJ'S? Jaymee Franchina? Klean Kicks? Plus GuestsFOLLOW USInsta - @clubdmndFB - www.facebook.com/clubdmndSnap - Funcreative Web - www.fcevents.com.au/club-dmnd","{name:Club Diamond - Niche Bar,location:{zip:6007,country:Australia,city:Leederville,street:7/663 Newcastle Street,latitude:-31.93805,state:WA,longitude:115.84197},id:682754535203935}",111423149282327,https://scontent.xx.fbcdn.net/v/t31.0-8/s720x720/18402192_1925207187748505_152970828870646906_o.jpg?oh=f745f5a4f15d4d8344ddc80e731ef012&oe=5A5BD286
2018-03-15T12:00:00+0100,2018-03-19T15:00:00+0100,Diamond Kizomba Festival - 2nd Edition,"15th  |  16th | 17th | 18th  of MARCH 2018We are excited to announce the second edition of DIAMOND KIZOMBA by KMM from the 15th to 19th of March 2018. Mark your calendars and don't miss out in this incredible dancing experience!The Biggest Kizomba / UrbanKiz festival in East European  with Amazing teachers and Djs, 4 parties, 1 Ballroom for social dancing from 14:30 till 20:00, 2 workshops room from the best instructors in the world.  ARE YOU Ready?!???????????????????????????1 ROOM 100% UrbanKiz, Tarraxa, Slow Motion, Ghetto Zouk2 ROOM 100% Kizomba, Tarraxa, Semba, Afro House????? DJS ?????? DJ Stefano Lima ( Netherlands)?? DJ Saï Saï ( France)? DJ Morelasoul (Netherlands)?? DJ Nice Life (France)?? DJ Cass (France)?? DJ Iris (Germany)?? DJ Karl Conklass (France)?and more to come...????????????PARTY & SOCIAL???????????Thursday Pre-party 22:00 - 4:00Friday14:30 - 20:00 (Social dancing)22:30 - 06:00 After party6:00 -9:00Dress Code: N/O Saturday13:00 - 18:00 (Workshops )14:30 - 20:30 (Social dancing) 22:30 - 06:00 After party6:00 -9:00Dress Code: N/OSunday13:00 - 18:00 (Workshops)14:30 - 20:30 (Social dancing) 22:30 - 06:00contact info:contact@kizzmemore.com",,625677964290835,https://scontent.xx.fbcdn.net/v/t31.0-8/s720x720/19400375_10155003022176284_3656379595973013726_o.jpg?oh=4916829853b05d34edba411af81951db&oe=5A146081
2017-09-26T18:00:00-0500,2017-09-26T21:30:00-0500,"Diamond Rio Live in Jackson, TN","Jackson Christian School832 Country Club LaneJackson, TNFundraiser for Jackson Christian. Tickets only available via sponsorship packages","{name:Jackson Christian School,location:{zip:38305,country:United States,city:Jackson,street:832 Country Club Ln,latitude:35.669300630971,state:TN,longitude:-88.865585893242},id:520916247931563}",1590183991023606,https://scontent.xx.fbcdn.net/v/t31.0-8/s720x720/17192529_1657261914580554_7248994411194663381_o.jpg?oh=4158d89285c8968fb408961f84a0a7b0&oe=5A244170
2017-09-16T10:00:00-0500,2017-09-17T16:00:00-0500,Diamondhead Arts & Crafts Fair,Vendors from all over come to sell there items.,"{name:7600 Country Club Cir, Diamondhead, MS 39525-3702, United States}",1838734923010970,https://scontent.xx.fbcdn.net/v/t31.0-8/s720x720/18216693_10154845843481284_7294624161089935096_o.jpg?oh=ada5b46f157ce5346f2b1bd3e78c9820&oe=5A312208
2017-09-02T16:30:00-0500,2017-09-02T17:00:00-0500,"Diamond Rio Live in Panama City Beach, FL","Pepsi Gulf Coast Jam16200 Panama City Beach ParkwayPanama City Beach, FL","{name:Pepsi Gulf Coast Jam,location:{zip:32413,country:United States,city:Panama City Beach,street:16200 Panama City Beach Pkwy,latitude:30.227433621664,state:FL,longitude:-85.871677390748},id:424550084316856}",652185354974370,https://scontent.xx.fbcdn.net/v/t31.0-8/s720x720/18449652_1423742174340549_3892379569420433437_o.jpg?oh=bdb5ea9dd3b0e8cb97c788df25618296&oe=5A1A2E46
2017-09-11T19:00:00-0400,2017-09-11T22:00:00-0400,"Diamond Head at St. Vitus, Brooklyn, NY, US",,"{name:Saint Vitus Bar,location:{zip:11222,country:United States,city:Brooklyn,street:1120 Manhattan Ave,latitude:40.73679,state:NY,longitude:-73.95517},id:174432289272566}",387371368329954,https://scontent.xx.fbcdn.net/v/t31.0-8/s720x720/20616842_10155730429769551_1231505144003671031_o.jpg?oh=9da30a1559571eba28800eb152ba1dc9&oe=5A253E22
2017-10-06T16:00:00-0500,2017-10-07T23:00:00-0500,Diamond Nationals World Karate Championships,,"{name:DoubleTree by Hilton Bloomington Minneapolis South,location:{zip:55439,country:United States,city:Bloomington,street:7800 Normandale Blvd,latitude:44.862069741773,state:MN,longitude:-93.353151647071},id:110358045723931}",1431994086820349,https://scontent.xx.fbcdn.net/v/t31.0-8/s720x720/16251684_1596616310354631_3562750650862589172_o.jpg?oh=9a09b5b7261c7c7bcc6be3fd3429cf8c&oe=5A15425C
2017-10-03T18:00:00+0100,2017-10-03T23:00:00+0100,Neil Diamond,"Today Neil Diamond announces that he will be extending his 50th anniversary tour to the UK and Europe in 2017. Celebrating his unparalleled career, the tour will come to the UK in October for six stunning arena dates.In addition to his upcoming tour, UME and Capitol Music Group have announced the March 31st release of Neil Diamond: The 50th Anniversary Collection, a celebratory music package that includes 50 songs that range 50 years in Diamond’s career. Throughout an illustrious and wide-ranging musical career, Neil Diamond has sold over 130 million albums worldwide and has charted 37 Top 40 singles and 16 Top 10 albums. A Grammy Award-winning artist, Diamond is a member of the Rock & Roll Hall of Fame, the Songwriters Hall of Fame and a recipient of the Sammy Cahn Lifetime Achievement Award, one of the highest honours bestowed upon songwriters. Diamond’s many other achievements include a Golden Globe award, 13 Grammy nominations and 2009’s NARAS MusiCares Person of the Year award. In 2011, Diamond received the prestigious Kennedy Center Honor for his lifetime of contributions to American culture.","{name:The SSE Hydro,location:{zip:G38YW,street:Scottish Event Campus,latitude:55.859929974358,longitude:-4.2853393314141},id:303943599621915}",110083999504826,https://scontent.xx.fbcdn.net/v/t31.0-8/s720x720/17310918_10154724220831284_4644596463217011406_o.jpg?oh=e7676c621f42401b61a12d047d42f835&oe=5A1660DE
2017-09-09T18:00:00-0500,2017-09-09T20:00:00-0500,"Diamond Rio Live in Branson, MO","Silver Dollar City399 Silver Dollar City ParkwayBranson, MO","{name:Silver Dollar City,location:{zip:65616,country:United States,city:Branson,street:399 Silver Dollar City Pkwy,latitude:36.668896135197,state:MO,longitude:-93.339206742773},id:114241845297274}",1869516163325132,https://scontent.xx.fbcdn.net/v/t31.0-8/s720x720/19621341_10155044828956284_1528895664614600777_o.jpg?oh=bbd42ef6418cb936b5adc902433e467b&oe=5A1467AD
2017-10-14T21:00:00-0700,2017-10-14T22:15:00-0700,"Diamond Rio Live in Jackpot, NV","Cactus Petes Resort Casino1385 Highway 93Jackpot, NVAges 18+","{name:Cactus Petes Resort Casino and The Horseshu Hotel Casino,location:{zip:89825,country:United States,city:Jackpot,street:1385 Hwy 93,latitude:41.985376649841,state:NV,longitude:-114.67103635432},id:145439925477120}",319284801818132,https://scontent.xx.fbcdn.net/v/t31.0-8/s720x720/18955059_10155455905813675_601530445339271600_o.jpg?oh=8ffc905dee1a034b6dc45930f35e90c6&oe=5A2D43B8
2017-10-04T12:00:00+0200,2017-10-07T17:00:00+0200,Kimberley Diamond Cup 2017,The Kimberley Diamond Cup is an annual skateboarding event that features the largest single-event prize purse in skateboarding - and is the largest skateboarding competition in Africa.,"{name:The ARK,location:{zip:8345,country:South Africa,city:Kimberley,street:Kumba Skate Plaza,latitude:-28.74161,longitude:24.76185},id:1324928194266208}",163034174235591,https://scontent.xx.fbcdn.net/v/t1.0-9/s720x720/20621246_1631604800206847_461616616578751548_n.jpg?oh=978a6a8d77e60cf1215c08a580e42af0&oe=5A1E0BFB
2017-10-06T20:00:00+0800,,SEVENTEEN | Diamond Edge World Tour Manila,"Tickets available at all SM Ticket outlets, smtickets.com or call 470.2222!","{name:Mall of Asia Arena,location:{zip:1300,country:Philippines,city:Pasay City,street:Mall of Asia Arena,latitude:14.53208265,longitude:120.98375822},id:1208998882530814}",1683797205262966,https://scontent.xx.fbcdn.net/v/t31.0-8/s720x720/20448961_1805484526135833_39928289300669680_o.jpg?oh=85cc2fe8c93b330558715eed56cba664&oe=5A28043A
2017-08-30T19:30:00+1000,2017-08-30T21:30:00+1000,Samsung Diamonds v South Africa SPAR Proteas,"The Samsung Diamonds will take on the South Africa SPAR Proteas in the Netball Quad Series.Last time these two teams met in the January Quad Series, the the Diamonds won by16 goals early in the year. But the Diamonds can’t rest on their laurels as the visiting South African national netball team won’t accept anything less than a fiercely strong contest.","{name:AIS Arena,location:{zip:2617,country:Australia,city:Canberra,street:Leverrier Cres,latitude:-35.247778,state:ACT,longitude:149.101111},id:103179806402489}",1909876635918823,https://scontent.xx.fbcdn.net/v/t1.0-9/s720x720/16266078_1190779334370584_7968212380256942318_n.jpg?oh=999b62b28030f98649ad4de58274259a&oe=5A203640
2017-10-08T18:30:00+0100,2017-10-08T23:00:00+0100,Neil Diamond,"50TH ANNIVERSARY WORLD TOURTickets on sale Friday 27th January 2017 at 10amLive Nation and MCD Productions are honoured to announce – on his birthday – that musical icon, Grammy award winner and Rock & Roll Hall of Fame Member, Neil Diamond will be extending his 50th anniversary tour to the UK and Europe in 2017.“Neil Diamond is more than just a music icon. His singular artistry and talent has left an indelible mark on American culture and has helped shape the sound of popular music for five decades” says Michael Rapino, President and CEO of Live Nation Entertainment. “Live Nation is honoured to be a part of bringing his 50 year anniversary tour to fans around the world.”In addition to his upcoming tour, UME and Capitol Music Group have announced the March 31st release of Neil Diamond: The 50th Anniversary Collection, a celebratory music package that includes 50 songs that range 50 years in Diamond’s career. Under the supervision of Diamond, the anniversary set includes his own handpicked songs and a carefully curated 50 page booklet with new liner notes.Throughout an illustrious and wide-ranging musical career, Neil Diamond has sold over 130 million albums worldwide and has charted 37 Top 40 singles and 16 Top 10 albums. A Grammy Award-winning artist, Diamond is a member of the Rock & Roll Hall of Fame, the Songwriters Hall of Fame and a recipient of the Sammy Cahn Lifetime Achievement Award, one of the highest honours bestowed upon songwriters. Diamond’s many other achievements include a Golden Globe award, 13 Grammy nominations and 2009’s NARAS MusiCares Person of the Year award. In 2011, Diamond received the prestigious Kennedy Center Honor for his lifetime of contributions to American culture.","{name:The SSE Arena, Belfast,location:{zip:BT3 9QQ,country:United Kingdom,city:Belfast,street:2 Queen's Quay,latitude:54.603546419122,longitude:-5.9146989315871},id:141781259270402}",207984476339130,https://scontent.xx.fbcdn.net/v/t31.0-8/s720x720/20545369_1805484159469203_5734647922373110981_o.jpg?oh=5f998d6229297bb5df8ff814c2140d52&oe=5A2A6700
2017-08-26T15:00:00+1000,2017-08-26T19:30:00+1000,Samsung Diamonds v England Roses,"The Samsung Diamonds and England Roses kick-start the Netball Quad Series, playing in the Queensland capital for the first time in eight years. Last time these two teams met in January, only one- goal could separate themFor an added bonus, this game will be an all-inclusive double header, with spectators treated to the New Zealand Silver Ferns v the South African Spar Proteas too.","{name:Brisbane Entertainment Centre,location:{zip:4034,country:Australia,city:Boondall,street:Melaleuca Drive,latitude:-27.342180305973,state:QLD,longitude:153.07052349144},id:161501217209367}",1812131368800611,https://scontent.xx.fbcdn.net/v/t31.0-8/s720x720/20369578_269516346861665_2090708341306380630_o.jpg?oh=a2c25487a129c36f0f6afad9d92ae00e&oe=5A5FE345
2017-09-02T22:00:00-0300,2017-09-03T07:00:00-0300,Diamond Americana Lucas Lucco • Aniversário 02 anos Noite da TPM,"Em comemoração aos 02 anos da noite mais glamurosa de Americana e em homenagem as mulheres a Diamond traz para a cidade de Americana pela primeira vez o cantor Lucas Lucco. E para animar a festa DJ Alexandre Ganso Programação:Das 22:00 as 22:30 horas = Apresentação dos Gogo boysDas 22:30 as 02:00 horas = Dj Alexandre GansoDas 02:00 as 03:40 horas = Lucas LuccoDas 03:40 as 05:30 horas = Dj Alexandre Ganso======================================================================================================INGRESSOS ON LINECompre seu ingresso pelo site:https://www.sympla.com.br/show-lucas-lucco__169570===================================================LOTE PROMOCIONAL (De 25/07 a 07/08) Pista Unissex =  (( ESGOTADO )) Camarote Unissex = (( ESGOTADO )) ===================================================1o LOTE ( De 08/08 a 24/08)Pista Unissex = R$ 50,00Camarote Unissex = R$ 70,00===================================================2o LOTE (De 25/08 a 01/09Pista Unissex = R$ 60,00Camarote Unissex = R$ 80,00===================================================3o LOTE Pista Unissex = R$ 80,00Camarote Unissex = R$ 100,00===================================================PRIVATES - Reservas com Tina Leite Private para 10 pessoas 10 Ingressos Camarote01 Combo Misto (01 Red Label 01 Absolut 01 Spumante 04Energéticos) Valor = R$ 1.500,00 ===================================================Camarote Empresarial Patrão (80 pessoas)Valor = R$ 8.000,00===================================================PONTOS DE VENDAS:Em Americana:Diamond Americana Avenida Rafael Vitta x Rua Gonçalves Dias Telefone: (19) 3291-4313Ótica DinizRua Washington Luiz, 82 - Centro, Americana - SP, 13465-520Telefone: (19) 3405-5859Promobelle Americana https://www.facebook.com/promobelleamericana/Rua Fernando de Camargo, 13471-140, Americana - SPTelefone: (19)4106-0291 / (19) 4106-0294 / (19)99696-880===================================================Em Santa Bárbara D'OesteÓtica Diniz R. Dona Margarida, 676 - Vila Macnight, Santa Bárbara D'Oeste - SP, 13450-005Telefone: (19) 3455-5956===================================================Em Limeira:Boutique Aline Ferreirahttps://www.facebook.com/alineferreira.boutique/R Senador Vergueiro 885, 13480001 Limeira, BrazilTelefone: (19) 3701-0117Promobelle R. Dr. Trajano de Barros Camargo, 207 - Centro, Limeira - SP, 13480-200Telefone: (19) 3703-2948===================================================Em PiracicabaDanny SombrancelhasRua Benjamin Constant , 1128 - Centro - PiracicabaTelegone: (19) 3376-0643Rancho CountryAvenida Manoel Conceição , Vila Rezende - PiracicabaTelefone: (19) 3301-2735===================================================Em Sumaré:Ótica DinizAv.7 de Setembro, 112 - Centro, Sumaré - SP, 13170-036Telefone: (19) 3828-7558===================================================Em Nova Odessa:Ótica DinizAv. João Pessoa, 78 - Centro, Nova Odessa - SP, 13460-000Telefone: (19) 3466-5076===================================================Em Campinas:Country Store R. Dona Luíza de Gusmão, 465 - Vila Nogueira, Campinas - SP, 13075-185Telefone: (19) 3256-5066======================================================================================================INGRESSOS ON LINECompre seu ingresso pelo site: SYMPLAhttps://www.sympla.com.br/show-lucas-lucco__169570===================================================","{name:Diamond Americana,location:{zip:13465-670,country:Brazil,city:Americana,street:Rua Rafael Vitta, Vila Jones,latitude:-22.736052658888,state:SP,longitude:-47.337330579758},id:158761471270487}",457478174631216,https://scontent.xx.fbcdn.net/v/t1.0-9/s720x720/13406949_1131235046917589_8819104750905186541_n.jpg?oh=228f67af9d655ec618bf45f51cae053a&oe=5A1FBB65
2018-06-16T12:00:00+0200,2018-06-19T15:00:00+0200,Diamond RACE 2018,Skon?il ro?ník 2016 a rovnou za?ínáme ?ešit ten budoucí - DIAMOND RACE 2017!,{"name":"?eská Republika"},300285273637252,https://scontent.xx.fbcdn.net/v/t1.0-9/s720x720/21105733_1712867262342639_5040419727223792549_n.jpg?oh=29594d39e542ab3f8ce9cb00ba02b24b&oe=5A133BAE
2017-09-09T19:00:00+0530,2017-09-09T22:45:00+0530,Diamond Jubilee Night,Presented By VIDYARTHA OBA,"{name:The Grand Kandyan,location:{zip:20000,country:Sri Lanka,city:Kandy,street:No. 89/10, Lady Gordom's Drive, Kandy, Sri Lanka Kandy,latitude:7.2959808008201,longitude:80.628318786621},id:848635141822893}",266769713824020,https://scontent.xx.fbcdn.net/v/t1.0-9/s720x720/19884190_1034571650013625_4547432939611931079_n.jpg?oh=a328954901a6d6b7ab5f45f71ff26e14&oe=5A157BB1
2017-08-27T19:00:00-0400,2017-08-27T21:30:00-0400,Seventeen 1st World Tour: Diamond Edge in New York,"New York has been blessed with yet another concert. This group was gonna come one of these days...SEVENTEEN just announced that they will be going on their 1st World Tour just a few mins ago (5/12/17)! Seventeen in New York on 8/27/17 (SUN) @Terminal 5! ?Concert time: ~7PM-9:30 PMUPDATE: Those with VVIP & VIP tix, hi touch is at 5PM (1 hour BEFORE doors open). Please come to Terminal 5 by 4PM to begin lining up. The VVIP/VIP line will start at the left of doors![Ticket Sales Info]: through AXS ~Presale: 7/6-7/9 @4PM EST  ~General Sales: 7/11 @4PM EST [Link to buy tix]: https://www.axs.com/events/338852/seventeen-1st-world-tour-ticketsTicket types & prices:? VVIP: $215 - includes one set of official L-holders (one set contains 15 holders) + HiTouch after the show? VIP: $195 - includes HiTouch after the show? P1: $120? P2: $70Exclusive PRESALE for SEVENTEEN x Chicago, Dallas, Toronto and New York TasteMakers will open on July 6th at 4PM local time and end on July 9th at 11:59PM local time. ~Ticket sales will open to the general public on July 11th at 4PM local time.It gets even better! TasteMakers for SEVENTEEN of each city will receive a presale ticket purchase option and 10% discount for two tickets! Our Top 10 TasteMakers will be rewarded with 2 VVIP tickets. Instructions to claim your benefit will be sent to your MMT registered email address before tickets go on sale.MyMusicTaste (MMT) will be selling SEVENTEEN merchandise! Information regarding the merch sales will be announced soon.Follow this event page for future updates on ticket sales, pricing, etc! ?~This is unofficial fanpage!","{name:TERMINAL 5,location:{zip:10019,country:United States,city:New York,street:610 W 56th St,latitude:40.76986,state:NY,longitude:-73.99267},id:30528470695}",219650911867141,https://scontent.xx.fbcdn.net/v/t31.0-8/s720x720/19237927_1435204876539267_3450523891299628738_o.jpg?oh=a6701daad2ceb81108c87868e350cdaf&oe=5A1B4D51
2017-08-27T12:00:00-0300,2017-08-27T19:00:00-0300,KFest Previa Diamond EDGE,"KFEST !! Se raja con la previa para Seventeen esperando el gran Concierto de este 29 de Agosto en Movistar Arena ...Ven a pasar una real tarde gozando de un gran especial , proyecciones , bailes tributo , y mucho merchandising de este gran grupo que no te lo puedes perder...Ya lo sabes anota este 27 de Agosto ven a vinir la UNICA FISTA PREVIA del tour Diamond Edge el cual regalaremos 2 entradas entre todas las entradas vendidas ....En las tiendas encontraran entradas tipo:-Entrada Preventa $2000 (300 unidades)-Entrada Golden $5000 (50 Unidades x tienda)*Con la entrada Golden retiras en el evento un kit especial de SEVENTEEN - BIG BANG o del grupo que quieras , el vendedor te preguntara y anotara tus datos (poster A4 a elección, Postales, Pack de stickers, llaveritos .) y ademas participas de sorteos de una de las 2 entradas generales para ver a Seventeen en Concierto !","{name:Liceo Darío E. Salas,location:{zip:0324234,country:Chile,city:Santiago,street:Av. España 585,latitude:-33.455792732035,longitude:-70.669192311317},id:180710195322215}",320160255071720,https://scontent.xx.fbcdn.net/v/t31.0-8/s720x720/20506958_1805483639469255_1352137645182836564_o.jpg?oh=bdf1ba88e64e326fff667a0b8c410402&oe=5A2DC428
2017-10-14T15:00:00+1100,2017-10-14T17:00:00+1100,Samsung Diamonds v New Zealand Silver Ferns,"Fierce opponents with a rivalry that has spanned decades, the Samsung Diamonds face New Zealand Silver Ferns in the final match of the Constellation Cup.This will be the last opportunity to see the Australian Diamonds on Australian soil before the Commonwealth Games!","{name:Qudos Bank Arena,location:{zip:2127,country:Australia,city:Sydney,street:Olympic Blvd & Cnr Edwin Flack Ave, Sydney Olympic Park,latitude:-33.844399777479,state:NSW,longitude:151.06218338013},id:111069585655653}",1459795547446898,https://scontent.xx.fbcdn.net/v/t1.0-9/69253_10152607414290271_773653688_n.jpg?oh=facd351ad2ea7dc6d1901014bf559703&oe=5A1239A9
2018-02-11T15:00:00-0500,2018-02-11T18:00:00-0500,Hound High Tea Benefitting The Lucky Diamond Critical Care Ward At The Humane Society of New York,"SAVE THE DATE! Animal Fair Media’s Wendy Diamond is hosting the first ever “Hound High Tea” in history this July. Dames, Dapper men and Dogs will be sipping refined tea and eating tasty finger sandwich treats for a good cause! All proceeds from the event will benefit The Humane Society of New York's Lucky Diamond Critical Care Ward.Wendy’s beloved sidekick of more than 12 years passed last July from canine spleen cancer. In Lucky’s honor, Wendy created and hosted The Most Expensive Pet Wedding in History, which earned her a Guinness World Record for the Most Expensive Wedding.The event paid tribute to Lucky’s service, and the countless animals she helped to find a loving home over the past decade. All proceeds from the event were donated to the creation of The Humane Society of New York’s Lucky Diamond Critical Care Ward. The critical care ward will carry on Lucky’s legacy of saving and helping animals in dire need, and provide pet parents and animals affordable critical health care that they might not have received otherwise.Wendy Diamond is the perfect animal advocate and pet-lifestyle expert to celebrate a high tea; her mother was born and raised in the UK! Not only that, Wendy was awarded a Guinness World Record for the Longest Curtsy Relay - the Queen would be proud. And for those of you wondering if dogs should even drink tea, no worries, Wendy will be serving an exclusive special tea designed and brewed for canines only!!Wendy’s bark story started in 1999, after she adopted her Russian Blue cat, Pasha and Maltese, Lucky. She was inspired to create Animal Fair Media, and became the premiere entrepreneur to combine the pet industry, animal rescue, celebrity, and media! Wendy Diamond coined the term “pet lifestyle” and designed a career through her passion for helping animals and business. When she started Animal Fair Media the number of animals euthanized annually in the U.S. dropped by 58%, from 12 million to 5 million.Wendy was inspired to create premiere benefits featuring guest appearances by celebrities, with  proceeds benefiting animal rescue organizations across the country/world. These events include; Paws For Style, Yappy Hour, Halloween Pet Costume Party and Toys For Dogs. Animal Organizations all over the world have emuliated these events to raise money and awareness for the benefit of animal rescue and welfare.The “Hound High Tea” charity event will celebrate with 200 dog parents, animal rescue advocates, business leaders, celebrities, and media personalities that believe in giving back. Their dogs will eagerly join them for high tea and yummy treats! You never know we may even receive another Guinness World Record for the largest Hound High tea Party In History!",,330488900405820,https://scontent.xx.fbcdn.net/v/t31.0-8/s720x720/20545470_1805483182802634_4826063130160492357_o.jpg?oh=1b47897470552590010ef8990ca70e5e&oe=5A253CAF
2017-10-11T19:00:00+1030,2017-10-11T21:00:00+1030,Samsung Diamonds v New Zealand Silver Ferns,"The Constellation Cup hits Australian shores when the Samsung Diamonds host the Silver Ferns in the third test of the Series.Some of the world’s best netball talent will be ready to battle, with spectators being treated to an electrifying atmosphere and a close rivalry.","{name:Titanium Security Arena,location:{zip:5023,country:Australia,city:Findon,street:44A Crittenden Road,latitude:-34.900292483442,state:SA,longitude:138.54628252864},id:393981164066544}",1928763267370902,https://scontent.xx.fbcdn.net/v/t1.0-9/s720x720/16265960_10158132966815022_1170627957460839611_n.jpg?oh=f1755f394f348ccd3901e5d137878e7f&oe=5A18E6F3
2017-10-17T18:00:00+0100,2017-10-19T23:00:00+0100,Neil Diamond at The O2 arena,Neil Diamond returns to The O2 with The 50th Anniversary Tour. Tickets on sale Friday 27 January at 10am.,"{name:The O2,location:{zip:SE10 0DX,country:United Kingdom,city:London,street:Peninsula Square,latitude:51.502257055204,longitude:0.0040468690644074},id:57843015021}",1336578369740164,https://scontent.xx.fbcdn.net/v/t1.0-9/20228911_10159071128605261_6355457426898337397_n.jpg?oh=2241660b35af5f807f03101f85edabe1&oe=5A21CFE2
2017-09-09T19:00:00-0500,2017-09-09T22:00:00-0500,Denim and Diamonds Sunset Cruise,"Sisters on a Journey presents Denim and DiamondsWe're sailing on Lake Lewisville. Come out and enjoy this sunset cruise. Cost is 35.00 per person good and drinks will be provided.  You are also welcome and encouraged to bring your own drinks. BYOB. The boat leaves at 7, don't be late! We are asking that you arrive an hour early to ensure you don't miss this event.  ***BYOB****BYOB****BYOB","{name:Eagle Point Marina,location:{zip:75077,country:United States,city:Lewisville,street:1 Eagle Point Rd,latitude:33.084758516667,state:TX,longitude:-97.020184990812},id:121306291084}",464758497219960,https://scontent.xx.fbcdn.net/v/t1.0-9/s720x720/17264189_10155033254627200_8643573950975255129_n.jpg?oh=8fdf32bb715f7f3d6f264ea19eb90e4c&oe=5A2E9174
2017-09-01T08:00:00-0500,2017-09-01T23:00:00-0500,7th Annual Diamond Drag Boat Nationals,"7TH ANNUAL DIAMOND DRAG BOAT NATIONALS - DAY #1The Lucas Oil Drag Boat Racing Series visits the Lucas Oil Speedway in Wheatland, Missouri as the fastest pilots on water try their hand on the World's Only Purpose Built Drag Boat Lake located just south of the Dirt Track in Wheatland, Missouri.Tentative Friday Event Schedule-Subject to change without notice:7:00am - Registration Opens8:00am - Spectator Gates Open9:00am - Round 1 Qualifying Sportsman Session10:30am - Round 1 Qualifying Pro Session12:30pm - Round 2 Qualifying Sportsman Session2:00pm - Round 2 Qualifying Pro SessionFriday Grandstand AdmissionAge 6 and up GA/Pit Pass Combo-$105 and Under GA/Pit Pass Combo-FREEAdult 3-Day GA/Pit Pass Combo-$50Seniors (62 and up)/Military 3-Day GA/Pit Pass Combo-$44Youth Ages (6-15) 3-Day GA/Pit Pass Combo-$20All tickets include access to Drag Boat pit area.Lakeside RV Packages- (Must Be Reserved in Advance)$500-Includes (1) 15' x 45' Space, (4) 3-Day Tickets, (1) Additional Parking Spot, (1) Golf Cart PassCampingReserved with Electric and Water- $35/Night (Limited Availability)Reserved Dry Spots- $20/Night (Limited Availability)Dry Camping- $10/NightSpecial Links: www.LucasOilSpeedway.com www.LucasOilDragBoats.com www.LucasOil.com","{name:Lucas Oil Speedway,location:{zip:65779,country:United States,city:Wheatland,street:700 US-54,latitude:37.940336548321,state:MO,longitude:-93.398488452888},id:195983577199}",1656855061290522,https://scontent.xx.fbcdn.net/v/t1.0-9/s720x720/17361737_10155033260377200_1678040696684991172_n.jpg?oh=3715d12f751b763d9f388ee864990938&oe=5A160C0B
2017-09-02T08:00:00-0500,2017-09-02T23:00:00-0500,7th Annual Diamond Drag Boat Nationals,"7TH ANNUAL DIAMOND DRAG BOAT NATIONALS - DAY #2The Lucas Oil Drag Boat Racing Series visits the Lucas Oil Speedway in Wheatland, Missouri as the fastest pilots on water try their hand on the World's Only Purpose Built Drag Boat Lake located just south of the Dirt Track in Wheatland, Missouri.Tentative Saturday Event Schedule-Subject to change without notice:7:00am - Registration Opens8:00am - Spectator Gates Open9:00am - Round 1 Qualifying Sportsman Session10:30am - Round 1 Qualifying Pro Session12:30pm - Round 2 Qualifying Sportsman Session2:00pm - Round 2 Qualifying Pro SessionSaturday Spectator Admission:Adults GA/Pit Pass Combo (16 and up) $25Seniors (62 and up)/Military GA/Pit Pass Combo (62 and up) $22Youth GA/Pit Pass Combo (age 6 to 15) $10Kids GA/Pit Pass Combo (age 5 and under) FREEFamily Pass GA/Pit Pass Combo $50 Includes Admission for 2 Adults and Up to 3 Kids Ages (6-15)Adult 2-Day GA/Pit Pass Combo-$50Seniors (62 and up)/Military 2-Day GA/Pit Pass Combo-$44Youth Ages (6-15) 2-Day GA/Pit Pass Combo-$20All Saturday and 3-Day tickets include entry to the Dirt Track Event on Saturday night, September 3rd.All tickets include access to Drag Boat pit area.Lakeside RV Packages- (Must Be Reserved in Advance)$500-Includes (1) 15' x 45' Space, (4) 3-Day Tickets, (1) Additional Parking Spot, (1) Golf Cart PassCampingReserved with Electric and Water- $35/Night (Limited Availability)Reserved Dry Spots- $20/Night (Limited Availability)Dry Camping- $10/NightSpecial Links: www.LucasOilSpeedway.com www.LucasOilDragBoats.com www.LucasOil.com","{name:Lucas Oil Speedway,location:{zip:65779,country:United States,city:Wheatland,street:700 US-54,latitude:37.940336548321,state:MO,longitude:-93.398488452888},id:195983577199}",1858523874436474,https://scontent.xx.fbcdn.net/v/t31.0-8/q89/s720x720/18320911_10155606547330288_2129592434954084867_o.jpg?oh=ac1876c74c12ee6831c5995943d1497a&oe=5A5EBE4A
2017-12-22T19:00:00-0600,2017-12-22T23:00:00-0600,Casey Donahew at Diamond Ballroom,,"{name:Diamond Ballroom,location:{zip:73149,country:United States,city:Oklahoma City,street:8001 S Eastern Ave,latitude:35.38642358,state:OK,longitude:-97.47819733},id:102872723746}",261603247636728,https://scontent.xx.fbcdn.net/v/t31.0-8/s720x720/20248468_10155489056733389_4808808893563123683_o.jpg?oh=dd6e6a1e3c9030eadf48804531c189b0&oe=5A5BAD64
2017-09-16T20:00:00-0700,2017-09-16T23:00:00-0700,Anjelah Johnson at the Diamond Center,"Anjelah JohnsonSaturday, September 16, 2017Diamond Center18+ showDoors 7pm; show 8pmOn sale nowReserved: $25, $35, $45, $55Sponsored by: 106.3 The GroovePre-concert happy hour from 5:30pm to 7:30pm at the Sports Bar","{name:1100 W. Pima Mine Road, Sahuarita, AZ 85629}",125610021389046,https://scontent.xx.fbcdn.net/v/t1.0-9/19260220_1574537689232561_8228345653888512750_n.jpg?oh=c7d0fa36ad8eb2b06ebfe63ef6cddf49&oe=5A13A055
2017-08-25T19:00:00-0400,2017-08-25T21:00:00-0400,2017 Seventeen 1st World Tour "Diamond Edge" in NA - Toronto,"CARATs in Toronto! Thank you so much for your patience~ It’s been a long time coming, but we finally have the news that all of us have been waiting for! Details about the 2017 SEVENTEEN 1ST WORLD TOUR DIAMOND EDGE IN NORTH AMERICA are as follows:Toronto: 7PM EDT, August 25, 2017, at MASSEY HALLTicket vendor:?For TasteMaker Presale: MyMusicTaste?For tickets to the general public: Roy Thomson Hall Box OfficeTicket types:?VVIP: $290 CAD  - includes one set of official L-holders (one set contains 15 holders) + HiTouch after the show?VIP: $260 CAD - includes HiTouch after the show?P1: $205 CAD?P2: $115 CAD?P3: $85 CAD Exclusive PRESALE for SEVENTEEN x Toronto TasteMakers will open on July 6th at 4PM local time and end on July 9th at 11:59PM local time.   Ticket sales will open to the general public on July 11th at 4PM local time. It gets even better! TasteMakers for SEVENTEEN of Toronto will receive a presale ticket purchase option and 10% discount for two tickets! Our Top 10 TasteMakers will be rewarded with 2 VVIP tickets. Instructions to claim your benefit will be sent to your MMT registered email address before tickets go on sale. We will be selling SEVENTEEN merchandise! Information regarding the merch sales will be announced soon. Please check our Facebook page for updates! If you are not a MyMusicTaste member yet, join us and request your favorite artist's concert on www.mymusictaste.com. You too can have access to special perks when your dream concert becomes a reality! #MyMusicTaste #StopWishingStartMaking #SEVENTEEN #DIAMOND_EDGE #SEVENTEENinNA","{name:Massey Hall,location:{zip:M5B 1T6,country:Canada,city:Toronto,street:178 Victoria Street,latitude:43.654166666667,state:ON,longitude:-79.379027777778},id:104074809629610}",715848358624798,https://scontent.xx.fbcdn.net/v/t31.0-8/s720x720/20728894_1471469302900026_3193881752315275078_o.jpg?oh=17177ac576dab7fef866b7a802b5bc9d&oe=5A5FB6BF
2017-09-06T19:30:00+0200,2017-09-06T22:30:00+0200,Kinetic Night Trail Run powered by Black Diamond,"Trail run on this beautiful Golf Course. Get your Trail running shoes, headlight and bring a friend with you to enjoy a beautiful night run in Jozi! 4km and 8km Route. Family and kids welcome. R70 Pre-entries before Sunday, 3 September on www.kinetic-events.co.za","{name:Country Club Johannesburg - Woodmead,location:{zip:2191,country:South Africa,city:Sandton,street:Cnr Woodland Drive & Lincoln Road, Woodmead,latitude:-26.050503104266,longitude:28.079045268614},id:118308938237493}",737196113129253,https://scontent.xx.fbcdn.net/v/t1.0-9/p720x720/20294138_10155051068137981_4661921239372738952_n.jpg?oh=1dc5dcc71119f9e07271292580010c90&oe=5A13FDE0
2017-12-03T18:00:00-0600,2017-12-03T23:00:00-0600,Hollywood Undead at Diamond Ballroom,Featuring Butcher Babies,"{name:Diamond Ballroom,location:{zip:73149,country:United States,city:Oklahoma City,street:8001 S Eastern Ave,latitude:35.38642358,state:OK,longitude:-97.47819733},id:102872723746}",1982495501981747,https://scontent.xx.fbcdn.net/v/t1.0-9/s720x720/20046307_1675949729096373_5647884328578660044_n.jpg?oh=a38e0110ea2b920ed76d0b7e615ef538&oe=5A1BD6F3
2017-09-08T20:30:00-0700,2017-09-08T23:30:00-0700,Scream for us Hollywood! Playing with Mr. Crowley and Diamonds and Rust. ,,"{name:The Viper Room,location:{zip:90069,country:United States,city:West Hollywood,street:8852 W Sunset Blvd,latitude:34.090490990255,state:CA,longitude:-118.38476321172},id:22138802157}",1876553362591513,https://scontent.xx.fbcdn.net/v/t31.0-8/s720x720/18814590_1361280073962332_1235918264567161452_o.jpg?oh=0558cb4b9757ab38558ce9f0bcec37e4&oe=5A16E333
2017-09-23T22:00:00+0200,2017-09-24T05:00:00+0200,Kingz & Diamondz | GRAND OPENING,"Hip Hop Party mit DJ Key Smith und Live Act Young DeeMit „Kingz & Diamondz“ präsentiert DJ Key Smith ein einzigartiges Hip Hop Spektakel der Extraklasse !Hip Hop & RnB Fans haben hier die Möglichkeit zu den heißesten Beats der Black Music Szene zu feiern! Von den 90ern über die 2000er bis Heute. Es bleiben keine Musikwünsche offen. Kingz & Diamondz schafft  eine neue Verbindung aus Hip Hop Party und Live Act Konzert!Nicht nur die angesagtesten Hip Hop DJs aus dem Raum Hamburg, Bremen, Lüneburg oder Buchholz, sondern auch ein Live Act (in dem Fall YOUNG DEE Mr. Clubbanger mit seinem Mega Hit The Clubbanger oder seinem aktuellen Hit Hands Up ft. Mims) werden die EMPORE zum Beben bringen.Gründer von „Kingz & Diamondz“ und Resident DJ Key Smith, unterstützt durch DJ Freeze - Bekannt durch Lüneburgs bekanntestem Hip Hop Event the illest - und DJ Ex - bekannt aus dem K2 Nachtstudio in Munster - werden das Opening präsentieren. Zusätzlich liefert YOUNG DEE eine grandiose Club-Show zur Prime-Time ab.Buchholz braucht frischen neuen Wind in der Stadt waren Key's Worte. „Nicht nur die jungen Leute und Fans des Newschool's, sondern auch die Kidz der 9inties kommen hier auf ihre Kosten!“VvK   9€AbK 15€Eintritt ab 18 Jahren","{name:EMPORE Buchholz,location:{zip:21244,country:Germany,city:Buchholz in der Nordheide,street:Breite Straße 10,latitude:53.32727,longitude:9.8785},id:396282187128797}",1888386374752530,https://scontent.xx.fbcdn.net/v/t31.0-8/s720x720/20451865_1622414954458036_4656054167457099898_o.jpg?oh=60b1e712060d3332f9e4fcffe84f4f68&oe=5A232BC6
2017-08-26T22:00:00-0300,2017-08-27T05:00:00-0300,"Manowar Kings of Steel,King Diamond Eye Of The King e Iced Earth","Serviço:Manowar - King Of Steel, King Diamond Tribute- Eye of The King e Iced Earth coverData: Sábado, 26 de Agosto de 2017Abertura da casa: 22hLocal: Manifesto BarEndereço: Rua Iguatemi, 36, Itaim Bibi – São Paulo/SPFone: (11) 3168-9595Cartões: Visa, Mastercard, Elo, American Express e DinnersDébito: Visa Electron, Maestro, Rede ShopCensura: 16 anosAcesso a deficientes / ar condicionadoWi-fi: a casa possui acesso a internet sem fioManifesto Bar – www.manifestobar.com.brServiço de Vallet: R$15,00","{name:Manifesto Bar,location:{zip:01451-011,country:Brazil,city:São Paulo,street:Rua Iguatemi, 36,latitude:-23.586025093786,state:SP,longitude:-46.681468255557},id:141876969178516}",1624989844186506,https://scontent.xx.fbcdn.net/v/t1.0-9/19990317_1356447731135683_6610844913772824997_n.jpg?oh=efea0c2b690e188afc8635016f3a596b&oe=5A2247DD
2017-10-08T14:00:00+1300,2017-10-08T16:00:00+1300,Silver Ferns vs. Australian Diamonds,"Presented by: Netball New ZealandNetball’s greatest rivalry returns to Horncastle Arena when the Silver Ferns host the Australian Diamonds in the Constellation Cup. Be there as the world’s top two Netball nations battle it out for on-court supremacy in the second Test of the Series.  This will be the final chance to see the world’s best two Netball nations in action on New Zealand soil prior to the 2018 Commonwealth Games on the Gold Coast!Don’t miss a minute of the action - get your tickets now!Silver Fans Pre-saleTue 11 Jul, 12pm - Fri 14 Jul, 10am*A pre-sale is an opportunity to secure tickets prior to the public, not a preferential seating service. *Or until pre-sale allocation is sold out.On sale to the General Public Fri 14 Jul, 12pm.","{name:Horncastle Arena,location:{zip:8024,country:New Zealand,city:Addington,street:30 Whiteleigh Ave,latitude:-43.545833,longitude:172.601111},id:698213763605839}",1040118106091617,https://scontent.xx.fbcdn.net/v/t1.0-9/s720x720/20992522_10213790535538604_8779630992025101682_n.jpg?oh=fbdd9f24bba2a0b98c7005036e6698b8&oe=5A223D5F
2017-10-29T20:00:00-0300,,King Diamond en Chile-Santiago Gets Louder,"¡¡¡¡King Diamond será parte del Santiago Gets Louder!! Si, como leen, King Diamond por fin en Chile! Gracias a quienes apoyaron la iniciativa. No sé si sirvió o no, pero lo Importante es que viene el rey y al fin lo tendremos en nuestro país!! Es un sueño hecho realidad.Acá más información:MEGADETH - KING DIAMOND - RATA BLANCA - VIMICTEMPLE - EGO KILL TALENT - TIRANO29 DE OCTUBRE / MOVISTAR ARENA / 14:00 HORASUn nuevo encuentro del rock y el metal más intenso del planeta nace desde las profundidades de nuestro país: EL DOMO, presentado por Santiago Gets Louder, la instancia que debutó hace dos años en la capital y que ahora engendra un nuevo espacio, a desarrollarse el domingo 29 de octubre en el Movistar Arena.Venta de entradas en Puntoticket y sus puntos de venta habilitados en Tiendas Ripley y Cinemark de todo el país, desde el 28 de agosto al mediodía.Tribuna $22.000Platea Alta Preventa 1 $28.000 Platea Alta preventa 2 $30.000 Platea Alta $32.000 Cancha General Preventa 1 $35.000 Cancha General Preventa 2 $40.000 Cancha General $45.000 Platea Baja Preventa 1 $48.000 Platea Baja Preventa 2 $54.000 Platea Baja $60.000 *Precios publicados no incluyen cargo por servicio.Evento producido por Lotus Producciones - Santiago Gets Louder LINK DEL EVENTO OFICIAL:https://www.facebook.com/events/282983188848239/?acontext=%7B%22ref%22%3A%223%22%2C%22ref_newsfeed_story_type%22%3A%22regular%22%2C%22action_history%22%3A%22null%22%7D","{name:Movistar Arena,location:{zip:8370951,country:Chile,city:Santiago,street:Parque O'Higgings,latitude:-33.462702035622,longitude:-70.661766529083},id:140222898235}",1491233710938040,https://scontent.xx.fbcdn.net/v/t31.0-8/s720x720/17016060_1315709078485153_258474571333851065_o.jpg?oh=c09a4081704fe1e4c446d5c78a01df5b&oe=5A2F8EFD
2017-09-10T20:00:00+0200,2017-09-10T23:00:00+0200,Neil Diamond - 50 Year Anniversary World Tour at Ziggo Dome,"Neil Diamond zit 50 jaar in het vak. De hoogste tijd dus om terug te blikken op de vele hoogtepunten uit zijn muzikale loopbaan en dat doet de Amerikaanse singer-songwriter met een heuse '50 Year Anniversary World Tour’. Maak je op voor een walk down memory lane vol iconische songs, zoals ‘Solitary Man’, ‘Sweet Caroline’ en ‘I Am… I Said’.","{name:Ziggo Dome,location:{zip:1101 AX,country:Netherlands,city:Amsterdam,street:De Passage 100,latitude:52.31375,longitude:4.93771},id:299132040111882}",626199817573972,https://scontent.xx.fbcdn.net/v/t31.0-0/p180x540/18491751_1700407363308866_3578761411191463754_o.jpg?oh=7bdc6b04716d13820214002b3ed9c78f&oe=5A16DD62
2018-03-09T19:00:00+0100,2018-03-09T23:00:00+0100,Crazy Diamond - The Pink Floyd Tribute,"Crazy Diamond - The Pink Floyd TributeCRAZY DIAMOND haben sich einen Namen als originalgetreue Pink-Floyd-Tribute-Band verschafft, die es dennoch versteht, der Musik ihren persönlichen Stempel aufzudrücken. Die Songs kommen live oftmals kraftvoller daher, als man es sich von den Alben her gewohnt ist, da und dort gekonnt mit einer eigenen Note versehen. Das im 2016 erschienene Dreifachalbum „Live at Augusta Raurica“, von Presse und Fans hochgelobt, repräsentiert eindrücklich das akribische Schaffen der Eidgenossen, deren Wirken übrigens bis ins Floyd-Lager nach London durchgedrungen ist. Crazy Diamond ist keine 0815 Hitfabrik. Klassiker wie Time oder Wish you were here dürfen natürlich nicht fehlen. Immer wieder aber gräbt die Band längst vergessene Perlen aus, die selbst die Original-Floyds seit Urzeiten nicht mehr spielen. Für ihren Auftritt im Kofmehl rührt die Band mit grosser Kehle an. Nebst fettem Sound darf eine intelligente Lichtshow, untermalt mit eindrücklichen Visuals, nicht fehlen. Die Zuhörer kommen in den Genuss von 200% Pink Floyd!Ticketpreis:CHF 38 (inkl. Gebühren)Mindestalter:16 Jahre (od. in Begleitung eines Elternteils)Zeitplan:18:30 Uhr Öffnung Vorplatz19:00 Uhr Türöffnung20:00 Uhr BeginnFoodtruck:Ab 18:30 Uhr verwöhnt s-mobil auf dem Kofmehlareal die Gäste mit einem breiten Essens- & Getränkeangebot zu fairen Preisen. Weitere Infos:http://kofmehl.net/programm/crazy-diamond/Direktlink zum Vorverkauf:https://www.starticket.ch/de/tickets/crazy-diamond-20180309-2000-kulturfabrik-kofmehl-solothurn","{name:Kulturfabrik Kofmehl,location:{zip:4500,country:Switzerland,city:Solothurn,street:Kofmehlweg 1,latitude:47.200814086619,longitude:7.5284179491152},id:154873827862235}",461794427501513,https://scontent.xx.fbcdn.net/v/t31.0-8/s720x720/16179601_10153767341014058_2999351224526009421_o.jpg?oh=7faf67fd501052178da0b5fd92f7e3c2&oe=5A5F5DCF
2017-09-28T20:00:00+0200,2017-09-28T23:00:00+0200,Neil Diamond - 50 Year Anniversary World Tour | Sportpaleis,"Een feestelijke dag voor Neil Diamond! Terwijl hij vandaag zijn eigen 76ste verjaardag viert, kondigt hij aan dat de tournee naar aanleiding van de 50ste verjaardag van zijn carrière nu ook naar Europa komt. De ‘50th Anniversary Tour’ houdt op donderdag 28 september halt in het Sportpaleis.Neil Diamond is één groot succesverhaal. Een Grammy Award, een Golden Globe, een opname in de Songwriters Hall of Fame en in 2011 zelfs nog in de Rock and Roll Hall of Fame en ook de zéér prestigieuze Sammy Cahn Lifetime Achievement Award; Diamond heeft het allemaal op zijn naam staan. De Amerikaanse levende legende heeft zijn internationale succes te danken aan zijn charisma, een ijzersterke live reputatie en natuurlijk een berg onsterfelijke hits. Sweet Caroline, Girl, You'll Be A Woman Soon, Solitary Man, I Am...I Said, Cracklin' Rosie... De lijst is eindeloos, de songs tijdloos.5 decennia actief in de muziekindustrie. Dat is een jubileum dat Neil Diamond op gepaste manier wil vieren. Hij brengt daarom de ‘50th Anniversary Collection’ uit, een unieke verzameling van 50 zorgvuldig geselecteerde eigen songs uit 50 jaar carrière. Daarnaast is er ook een feestelijke wereldtournee. Neil Diamond brengt zijn ‘50th Anniversary Tour’ op donderdag 28 september naar het Sportpaleis in Antwerpen.--C’est un jour de fête pour Neil Diamond! L’artiste a décidé d’annoncer le jour de ses 76 printemps l’ajout d’un volet européen à sa tournée internationale qui marque ses 50 ans de carrière. Le volet européen de son ‘50th Anniversary Tour’ passera par le Sportpaleis d’Anvers le jeudi 28 septembre ! Neil Diamond cumule les prix et récompenses qui honorent une carrière splendide: un Grammy Award, un Golden Globe, une entrée au Songwriters Hall of Fames et, en 2011, au Rock and Roll Hall of Fame mais également un très honorable Sammy Cahn Lifetime Achievement Award. La légende vivante américaine doit son succès international tant à son charisme qu'à la solide réputation de ses performances live et, bien entendu, à ses innombrables tubes : Sweet Caroline, Girl, You'll Be A Woman Soon, Solitary Man, I Am...I Said, Cracklin' Rosie... Cette liste est sans fin et les titres intemporels.  5 florissantes décennies passées dans l’industrie de la musique c’est un anniversaire que Neil Diamond veut fêter comme il se doit avec une nouvelle sortie intitulée ‘50th Anniversary Collection’. Il s’agit d’une compilation unique de 50 titres soigneusement sélectionnés parmi tous les morceaux de ses 50 années de carrière. Neil Diamond et son  ‘50th Anniversary Tour’ seront au Sportpaleis d’Anvers le jeudi 28 septembre.","{name:Antwerps Sportpaleis,location:{zip:2170,country:Belgium,city:Merksem,street:Schijnpoortweg 119,latitude:51.231074142575,longitude:4.441475642942},id:8062375735}",1428279547245808,https://scontent.xx.fbcdn.net/v/t31.0-8/s720x720/20368943_10155593883614181_7061718756143957929_o.jpg?oh=29d9f2742fe3672b30acc8ccbcfe611e&oe=5A19F91D
2017-09-15T22:30:00-0400,2017-09-16T01:00:00-0400,POP Montréal et CKUT présentent: The Mighty Diamonds,"POP Montréal  et CKUT 90.3FM présentent: Mighty Diamonds + invitésvendredi le 15 septembre 2017Piccolo Little Burgundy Shoes (Late Night)30 ANS DE CKUT 90.3FM! 20$ a l'avance  (eventbrite/atom heart/l'oblique/phonopolis/cheap thrills)Portes 22h30 / Spectale 23h30Rialto Clubhouse MTL DUB Session lounge brought to you by: BLACKOUT SOUND SYSTEM","{name:5719 Avenue du Parc, Montréal, QC H2V 4H2, Canada}",896042027210328,https://scontent.xx.fbcdn.net/v/t31.0-8/s720x720/16177711_1280168732039188_7169611511254581708_o.jpg?oh=3ae29eb8494997c7eb1129777626f5f5&oe=5A6118F7
2017-09-23T20:00:00+0200,2017-09-23T23:00:00+0200,Neil Diamond - 50 Year Anniversary World Tour at Ziggo Dome,"Neil Diamond zit 50 jaar in het vak. De hoogste tijd dus om terug te blikken op de vele hoogtepunten uit zijn muzikale loopbaan en dat doet de Amerikaanse singer-songwriter met een heuse '50 Year Anniversary World Tour’. Maak je op voor een walk down memory lane vol iconische songs, zoals ‘Solitary Man’, ‘Sweet Caroline’ en ‘I Am… I Said’.FB event voor het extra concert op 10 september: facebook.com/events/626199817573972","{name:Ziggo Dome,location:{zip:1101 AX,country:Netherlands,city:Amsterdam,street:De Passage 100,latitude:52.31375,longitude:4.93771},id:299132040111882}",184514922028525,https://scontent.xx.fbcdn.net/v/t1.0-9/18619962_1779544542151597_5414590659221734898_n.jpg?oh=d8ed5775c82adc4958aecb2f50b2b314&oe=5A5E091B
2017-10-06T20:00:00-0700,2017-10-06T23:00:00-0700,Theresa Caputo at the Diamond Center,FAN CLUB PRESALE MAY 22 10AM -MAY 24 10PM  On sale May 23 10am,"{name:1100 W. Pima Mine Road, Sahuarita, AZ 85629}",677474105770191,https://scontent.xx.fbcdn.net/v/t31.0-8/s720x720/20989292_1394696170584925_220994581800015879_o.jpg?oh=b71627341d0379982f68dd72ed9ce726&oe=5A2C0B7F
2018-04-26T20:00:00+0300,2018-04-30T08:00:00+0300,4th World Stars Salsa Festival / Diamond Edition / Bulgaria,"Dear Friends,It is a big honor and pleasure to present to you the DIAMOND EDITION of the “World Stars Salsa Festival - Varna”!*Dates: 27 – 29 April 2018*Place: Hotel Paradise Blue 5*- Albena Resort?ALL UNDER ONE ROOF!World Stars Salsa Festival - Varna  is an unique event on the territory of Varna, which gathers at one place not only representatives of the leading Salsa Clubs from the country and Europe but THE WORLD'S MOST FAMOUS SALSA, BACHATA & KIZOMBA STARS !? World Stars Salsa Festival – Varna is not an ordinary Festival or just another Salsa event.Three festival days will turn into a FIESTA for all of you.? THE FUN IS GUARANTEED!3 unforgettable days, enriched with lots of emotions, glamorous show programmes, hot parties till dawn, special classes, live concerts, trips and many pleasant surprises.3 days non stop parties and entertainment!Become a part of the experience!Because...this doesn't happen every day!?????? STARS ?????? :?Eddie Torres Jr. (Usa)?Bersy & Rodrigo (Venezuela&Mexico)?Terry & Cecile (France)?Yoandy & Diana (Cuba)?Kwenda Lima (Portugal)?Enah & Carolina (France&Spain)?Abdel & Lety (Cuba&Spain)?Fadi Fusion (Spain)?Live Concert by LA MAXIMA 79 (Full Band)Many more to be confirmed!http://varnasalsafestival.com/artists?????? DJS ?????? :?Dj Fabrizio (La Maxima 79) - Italy ?Dj Romy - Romania?Dj Vihren - Bulgaria?Dj Dobcho - Bulgaria?Dj Boris - Bulgaria?Dj Burak - Turkey?Dj Tarraxxa -  GermanyMany more to be confirmed!http://varnasalsafestival.com/djs?????? MAIN VENUE ?????? :World Stars Salsa Festival presents a brand new venue for 2018!Paradise Blue Hotel, Albena ResortThe newly built 5* hotel offers the highest comfort and standards!It provides 200 luxury rooms and only 400 people will be accommodated at the main venue!Photos: https://www.facebook.com/varnasalsafest/photos/?tab=album&album_id=1384167738304435?????? PRICES ?????? :FULL-PASS:?Until 20th November 2017 : 60 €?21st November-28th February : 70 €?After 1st March 2018 : 80 €SPECIAL PRICES FOR ACCOMMODATION :?SOLD OUT!!! Paradise Blue Luxury 5* Hotel (The Main Venue)per night / per person / double room / included breakfast : 30 €?Flamingo Grand 5* Hotel (2 min. walking distance)per night / per person / double room / included breakfast : 30 €?Laguna Hotels 4* (2 min. walking distance)per night / per person / double room / included breakfast : 25 €?????? AFTERMOVIE-2017?????? :https://www.facebook.com/varnasalsafest/videos/vb.325178440870042/1377665498954659COME AND LIVE YOUR LEGEND!HQ FESTIVAL FOR HQ PEOPLE!www.varnasalsafestival.com","{name:World Stars Salsa Festival - Varna / Bulgaria,location:{country:Bulgaria,city:Varna,street:Varna,latitude:43.20632,longitude:27.92524},id:325178440870042}",1319436931485688,https://scontent.xx.fbcdn.net/v/t31.0-8/s720x720/20507845_10159139304180471_7295296052610973371_o.jpg?oh=aded6eeb6f4f2fcb7264054dc7c51603&oe=5A2894A6
2017-09-14T18:00:00-0600,2017-09-14T22:00:00-0600,24th Annual UAC Fall Fundraiser Presented by Black Diamond,"The event you have been waiting for since last fall is on.  Block out your calendars, reserve a babysitter, and change that trip to Des Moines to a video conference. 1000 friends, dinner from Utah Food Service, beverages from Uinta Brewing, raffle, silent auction, music by Herban Empire, raffle. You know the deal. Help us help you.  This is our biggest fundraising event of the year and helps pay for avalanche forecasting and education.New this year! We have switched to a mobile silent auction platform called GiveSmart. Now bidding, winning and supporting your favorite avalanche center is even easier. When you purchase your tickets in advance you will automatically be registered through GiveSmart and set and ready to bid come party night.Tickets: $ 40.00 in advance/ $ 45.00 at the door.Students age 25 and younger with valid student ID can buy tickets at the door for $25Purchasing an advance ticket will put you on the will call list. You won't get a paper ticket.Advance ticket sales will end at noon on Sept 13.  You can buy tickets at the door for $5 more.You can buy your tickets here: https://uac2017.auction-bid.org/microsite/New This The fine print:Current and future backcounty users age 12 and under are welcome and free.  They can buy a meal ticket for $10 if they plan to eat.Students age 25 and younger with valid student ID can buy tickets at the door for $25Please leave your dog home.This event will be held rain or shine.  We are mountain people and a little rain doesn't scare us.If you have a product or service that you'd like to donate to the silent auction or raffle, let us know","{name:Black Diamond Store,location:{zip:84124,country:United States,city:Salt Lake City,street:2092 E 3900 S,latitude:40.68649,state:UT,longitude:-111.83186},id:193475724010457}",308028996274076,https://scontent.xx.fbcdn.net/v/t1.0-9/19224953_1574543445898652_9027396793108614892_n.jpg?oh=a8a95949da6cccd4709e9ecfac2bdb57&oe=5A2DAF64
2017-08-23T19:00:00-0500,2017-08-23T21:00:00-0500,2017 Seventeen 1st World Tour "Diamond Edge" in NA - Dallas,"CARATs in Dallas! Thank you so much for your patience~ It’s been a long time coming, but we finally have the news that all of us have been waiting for! Details about the 2017 SEVENTEEN 1ST WORLD TOUR DIAMOND EDGE IN NORTH AMERICA are as follows: Dallas: 7PM CDT, August 23, 2017, at the VERIZON THEATRE AT GRAND PRAIRIETicket vendor: AXSTicket types:?VVIP: $215  - includes one set of official L-holders (one set contains 15 holders) + HiTouch after the show?VIP: $195 - includes HiTouch after the show?P1: $155?P2: $105?P3: $85?P4: $65 Exclusive PRESALE for SEVENTEEN x Dallas TasteMakers will open on July 6th at 4PM local time and end on July 9th at 11:59PM local time.   Ticket sales will open to the general public on July 11th at 4PM local time. It gets even better! TasteMakers for SEVENTEEN of Dallas will receive a presale ticket purchase option and 10% discount for two tickets! Our Top 10 TasteMakers will be rewarded with 2 VVIP tickets. Instructions to claim your benefit will be sent to your MMT registered email address before tickets go on sale. We will be selling SEVENTEEN merchandise! Information regarding the merch sales will be announced soon. Please check our Facebook page for updates! If you are not a MyMusicTaste member yet, join us and request your favorite artist's concert on www.mymusictaste.com. You too can have access to special perks when your dream concert becomes a reality! #MyMusicTaste #StopWishingStartMaking #SEVENTEEN #DIAMOND_EDGE #SEVENTEENinNA","{name:Verizon Theatre at Grand Prairie,location:{zip:75050,country:United States,city:Grand Prairie,street:1001 Performance Pl,latitude:32.76695,state:TX,longitude:-96.98338},id:7584795215}",875444605929853,https://scontent.xx.fbcdn.net/v/t1.0-9/18581794_1779567145482670_7387847816697228203_n.jpg?oh=9d43673cdabad4028982b9598c052531&oe=5A128B24
2017-10-07T20:00:00-0700,2017-10-07T23:00:00-0700,Theresa Caputo at the Diamond Center!,FAN CLUB PRESALE MAY 22 10AM -MAY 24 10PM On Sale May 23 10am,"{name:1100 W. Pima Mine Road, Sahuarita, AZ 85629}",242595389556093,https://scontent.xx.fbcdn.net/v/t31.0-8/s720x720/19983518_10156531514358747_8140528327415468145_o.jpg?oh=47c8fb82bd79d6d061cb6a43e9cbbc86&oe=5A2B2806
2017-09-03T18:30:00-0500,2017-09-03T23:30:00-0500,DevilDriver | OKC,"DevilDriverSun - Sep 3 Diamond Ballroomwith Special Guests Cane Hill, Soul Crisis, Wood N Bone & FAOVATicket Link: http://bit.ly/DevilDriverOKCTickets On Sale NowBuy For Less Stores & Uptown Grocery in OKCBrady Box Office & Starship Records in TulsaCharge by phone @ 866.977.6849online @ ProTix.comDoors open at 6pmAll Ages WelcomePresented by DCF Concerts & TLP Entertainment","{name:Diamond Ballroom,location:{zip:73149,country:United States,city:Oklahoma City,street:8001 S Eastern Ave,latitude:35.38642358,state:OK,longitude:-97.47819733},id:102872723746}",1387160688004438,https://scontent.xx.fbcdn.net/v/t31.0-8/s720x720/19488914_10156459120398747_4963751489034827608_o.jpg?oh=498d00bcb02eb0fd24b6e062de97b030&oe=5A15DE2C
2017-09-16T20:00:00-0500,2017-09-16T23:45:00-0500,Texas Hippie Coalition | OKC,"Texas Hippie CoalitionSat - Sep 16 at Diamond Ballroom OKCwith Special Guests Shotgun Rebellion, GRIND, Another Round & Southern AggressionTickets On Sale NowTicket Link: http://bit.ly/THCinOKCGET TICKETS FROM THE BANDS!Buy For Less Stores & Uptown Grocery in OKCBrady Box Office & Starship Records in TulsaCharge by phone @ 866.977.6849online @ ProTix.comDoors open at 7pmAll Ages Welcome","{name:Diamond Ballroom,location:{zip:73149,country:United States,city:Oklahoma City,street:8001 S Eastern Ave,latitude:35.38642358,state:OK,longitude:-97.47819733},id:102872723746}",1587904791220190,https://scontent.xx.fbcdn.net/v/t1.0-0/p480x480/18402708_10156265206028747_8074196334165963880_n.jpg?oh=cb69e3fbdd64e245f4267d738136de77&oe=5A5FADD9
2017-12-22T20:30:00-0600,2017-12-22T23:30:00-0600,Casey Donahew | White Trash Christmas,"Casey Donahew at Diamond BallroomWhite Trash Christmas with Special Guests to Be AnnouncedTickets On Sale NowHold all tickets for July/August dates - Good for December EntryBuy For Less Stores & Uptown Grocery in OKCBrady Box Office & Starship Records in TulsaCharge by phone @ 866.977.6849online @ www.diamondballroom.comDoors open at 7pmAll Ages Welcome","{name:Diamond Ballroom,location:{zip:73149,country:United States,city:Oklahoma City,street:8001 S Eastern Ave,latitude:35.38642358,state:OK,longitude:-97.47819733},id:102872723746}",734375110073044,https://scontent.xx.fbcdn.net/v/t31.0-8/q90/s720x720/19055285_10156395828563747_3663677839322963575_o.jpg?oh=446374588ad366956323c009cbe7f95a&oe=5A2A290A
2017-10-18T20:00:00-0500,2017-10-18T23:30:00-0500,Run the Jewels | OKC,"Run The Jewels live at Diamond BallroomOctober 18th with special guests Denzel Curry & Cuz LightyearTickets On Sale FRI 6/16 at 10amTicket Link: bit.ly/RUNJEWELSokcBuy For Less Stores & Uptown Grocery in OKCBrady Box Office & Starship Records in TulsaCharge by phone @ 866.977.6849online @ ProTix.com | Doors open at 7pm | All Ages Welcome","{name:Diamond Ballroom,location:{zip:73149,country:United States,city:Oklahoma City,street:8001 S Eastern Ave,latitude:35.38642358,state:OK,longitude:-97.47819733},id:102872723746}",236997953455786,https://scontent.xx.fbcdn.net/v/t31.0-8/s720x720/19025359_10156384582213747_5385236608793802201_o.jpg?oh=be21d2f93763d1a49e88e3634ab883fb&oe=5A163BC1
2017-11-03T19:00:00-0500,2017-11-03T23:45:00-0500,Lords of Acid I OKC,"Lords of Acid SEXTREME FEST '17*Performing VooDoo U & Greatest Hits*Wear Cosplay & Fetish AttireFri - Nov 3 at Diamond Ballroomwith Special Guests Combichrist, CHRISTIAN DEATH OFFICIAL, En Esch (EX-KMFDM), Wiccid & God In A MachineTickets: http://bit.ly/LordsOfAcid_OKCBuy For Less Stores & Uptown Grocery in OKCBrady Box Office & Starship Records in TulsaCharge by phone @ 866.977.6849online @ ProTix.comDoors open at 6pm","{name:Diamond Ballroom,location:{zip:73149,country:United States,city:Oklahoma City,street:8001 S Eastern Ave,latitude:35.38642358,state:OK,longitude:-97.47819733},id:102872723746}",300010050458435,https://scontent.xx.fbcdn.net/v/t31.0-8/s720x720/19237846_10156422195348747_5090871512660932653_o.jpg?oh=12888b0d6cb639eed306952cc0795ac1&oe=5A2EAAF3
2017-10-17T19:30:00-0500,2017-10-17T23:00:00-0500,Halestorm's Halloween Scream | OKC,"HalestormTue - Oct 17 Diamond Ballroom Oklahoma City, OK with Special Guests Starset & New Years DayTicket Link: http://bit.ly/HalestormOKCTickets On Sale FRI 6/23 at 10amBuy For Less locations in OKCBrady Box Office or Starship Records in TulsaCharge by phone @ 866.977.6849online @ ProTix.comDoors open at 6:30pmAll Ages Welcome","{name:Diamond Ballroom,location:{zip:73149,country:United States,city:Oklahoma City,street:8001 S Eastern Ave,latitude:35.38642358,state:OK,longitude:-97.47819733},id:102872723746}",245933539229637,https://scontent.xx.fbcdn.net/v/t31.0-8/s720x720/20017570_1663574910320612_3535267285800106560_o.jpg?oh=960f1bf97ba279e5b74b65a4de5ff5fd&oe=5A2BF818
2017-09-10T12:00:00-0500,2017-09-10T23:00:00-0500,2017 Reckless Kelly's Celebrity Softball Jam,"Back for the ninth straight year and bigger and better than ever, the 9th annual Reckless Kelly's Celebrity Softball Jam takes over Dell Diamond September 10. An all-star lineup of musicians, professional athletes and celebrities, led by brothers Willy and Cody Braun, come together in for softball and music, all for a good cause.","{name:Dell Diamond,location:{zip:78665,country:United States,city:Round Rock,street:3400 E Palm Valley Blvd,latitude:30.5273,state:TX,longitude:-97.6305},id:135608086473700}",131328024124342,https://scontent.xx.fbcdn.net/v/t31.0-8/q85/s720x720/20729152_1574625499247679_9035577254429732461_o.jpg?oh=c83dd6c2b781d22b45512d86e058e99b&oe=5A30A9F2
2017-09-29T15:00:00+1000,2017-09-30T01:00:00+1000,Robot Soul: Boogs 7 Hour Set,"Tickets on sale now via: https://robot_soul.eventbrite.com.auWe have declared the last Friday in September as a Robot Soul Public Holiday because let’s face it, everybody needs a day off to dance! After such an overwhelming response to the first Robot Soul party, we are proud to announce that Boogs is planning to take us on another epic journey to raise the vibrations.  Keeping with his part man, part machine ethos Boogs has promised AT LEAST SEVEN HOURS of Robot Soul for your listening and dancing pleasure, all this while enjoying a 360-degree view of the Melbourne city skyline.If you all remember the last Robot Soul party, tickets sold out quick. Don’t get left behind.  #RobotSoul#RaisingTheVibration","{name:Blue Diamond,location:{zip:3000,country:Australia,city:Melbourne,street:Level 15, 123 Queen St,latitude:-37.81576,state:VIC,longitude:144.96076},id:120828414616187}",1521329827928737,https://scontent.xx.fbcdn.net/v/t31.0-8/s720x720/19023464_10156392149583747_8904855562552183254_o.jpg?oh=8f0acbb17954611a4491c6a2f86321fa&oe=5A207182
